<?xml version="1.0" encoding="UTF-8"?>

<!DOCTYPE mapper PUBLIC "-//mybatis.org//DTD Mapper 3.0//EN" "http://mybatis.org/dtd/mybatis-3-mapper.dtd">

<mapper namespace="com.sang.Dao.LoginDao">
<sql id="user">user</sql>

<select id="getAll" resultType="com.sang.model.User">
SELECT
*
FROM
 <include refid="user" />
</select>


<!-- 增 -->
    <insert id="newuser" parameterType="com.sang.model.User">
        INSERT INTO
        <include refid="user"/>
        (username,password)
        VALUES
        (#{username},#{password})
    </insert>
       
    
     <update id="newuser2" >
        UPDATE
        <include refid="user"/>
        SET
        sex = #{sex},
        bankcard =  #{bankcard},
     
         email = #{email}
        WHERE
        username = #{username}
    </update>
    
    
   
<!-- 根据name查询 -->
    <select id="getPersonByname" resultType="com.sang.model.User">
        SELECT
        *
        FROM
        <include refid="user"/>
        WHERE
        username = #{username}
    </select>
    
    <select id="getpassword" resultType="com.sang.model.User">
        SELECT
        password
        FROM
        <include refid="user"/>
        WHERE
        username = #{username}
    </select>
    
    <select id="findUserById" resultType="com.sang.model.User">
        SELECT
        *
        FROM
        <include refid="user"/>
        WHERE
        id = #{id}
    </select>
</mapper>



