<?xml version="1.0" encoding="UTF-8"?>

<!DOCTYPE mapper PUBLIC "-//mybatis.org//DTD Mapper 3.0//EN" "http://mybatis.org/dtd/mybatis-3-mapper.dtd">

<mapper namespace="com.sang.Dao.ContactDao">
<sql id="contact">contact</sql>



<!-- 增 -->
    <insert id="newmsg" parameterType="com.sang.model.Contact">
        INSERT INTO
        <include refid="contact"/>
        (username,name,email,phone,contact)
        VALUES
        (#{username},#{name},#{email},#{phone},#{contact})
    </insert>
    
    
    
  <select id="getAll" resultType="com.sang.model.Contact">
SELECT
*
FROM
 <include refid="contact" />
</select>

</mapper>



