<?xml version="1.0" encoding="UTF-8"?>

<!DOCTYPE mapper PUBLIC "-//mybatis.org//DTD Mapper 3.0//EN" "http://mybatis.org/dtd/mybatis-3-mapper.dtd">

<mapper namespace="com.sang.Dao.LoveDao">
<sql id="love">love</sql>



<!-- 增 -->
    <insert id="newmsg" parameterType="com.sang.model.Love">
        INSERT INTO
        <include refid="love"/>
        (moive,time,username)
        VALUES
        (#{moive},#{time},#{username})
    </insert>
 <select id="getAll" resultType="com.sang.model.Love">
SELECT
*
FROM
 <include refid="love" />
 where
 username = #{username}
</select>
    
    


</mapper>



