<?xml version="1.0" encoding="UTF-8"?>

<!DOCTYPE mapper PUBLIC "-//mybatis.org//DTD Mapper 3.0//EN" "http://mybatis.org/dtd/mybatis-3-mapper.dtd">

<mapper namespace="com.sang.Dao.MoiveDao">
<sql id="moive">moive</sql>

<select id="getAll" resultType="com.sang.model.Moive">
SELECT
*
FROM
 <include refid="moive" />
</select>

<select id="searchbyname" resultType="com.sang.model.Moive"      >
        select * from 
             <include refid="moive" />
          where name like  #{name} '%'
</select>

<select id="searchbygenre" resultType="com.sang.model.Moive">
SELECT
*
FROM
 <include refid="moive" />
 where 
   genre = #{genre}
 </select>
</mapper>



