<?xml version="1.0" encoding="UTF-8"?>

<!DOCTYPE mapper PUBLIC "-//mybatis.org//DTD Mapper 3.0//EN" "http://mybatis.org/dtd/mybatis-3-mapper.dtd">

<mapper namespace="com.sang.Dao.TicketDao">
<sql id="ticket">ticket</sql>



<!-- 增 -->
    <insert id="add" parameterType="com.sang.model.Ticket">
        INSERT INTO
        <include refid="ticket"/>
        (userid,date,uri)
        VALUES
        (#{userid},#{date},#{uri})
    </insert>
        <select id="search" resultType="com.sang.model.Ticket">
        SELECT
        *
        FROM
        <include refid="ticket"/>
        WHERE
        userid = #{userid}
    </select>
    
    


</mapper>



